IP Address,Login Source,Login Date & Time
174.7.127.231,Mobile,"Aug 30, 2019, 2:58:02 PM"
70.79.149.150,Web,"Oct 11, 2019, 4:53:03 AM"
70.79.149.150,Web,"Nov 4, 2019, 3:19:42 PM"
70.79.149.150,Web,"Nov 7, 2019, 1:37:54 AM"
70.79.149.150,Web,"Nov 9, 2019, 10:48:22 PM"
70.79.149.150,Web,"Nov 10, 2019, 5:34:27 PM"
70.79.149.150,Web,"Nov 10, 2019, 5:53:15 PM"
70.79.149.150,Web,"Nov 16, 2019, 6:17:57 PM"
128.189.95.178,Web,"Nov 25, 2019, 4:39:58 PM"
70.79.149.150,Web,"Dec 6, 2019, 6:14:11 PM"
70.79.149.150,Web,"Dec 8, 2019, 7:50:18 AM"
70.79.149.150,Web,"Dec 13, 2019, 3:39:39 AM"
50.64.6.119,Web,"Dec 16, 2019, 12:09:26 AM"
70.79.149.150,Web,"Dec 18, 2019, 7:56:16 PM"
76.105.42.8,Web,"Dec 20, 2019, 7:48:33 PM"
128.189.89.157,Web,"Jan 8, 2020, 9:00:30 PM"
50.64.5.141,Web,"Jan 19, 2020, 10:16:59 PM"
206.87.152.75,Web,"Feb 19, 2020, 1:50:19 AM"
70.79.149.150,Web,"Apr 10, 2020, 7:01:25 PM"
70.79.149.150,Web,"Apr 21, 2020, 6:50:04 PM"
70.79.149.150,Web,"Apr 26, 2020, 4:16:24 PM"
70.79.149.150,Web,"Apr 26, 2020, 10:08:43 PM"
108.172.97.30,Web,"May 8, 2020, 12:09:51 AM"
70.79.149.150,Web,"May 23, 2020, 5:06:21 AM"
50.98.88.44,Web,"Nov 27, 2020, 12:01:10 AM"
50.98.88.44,Web,"Dec 16, 2020, 5:16:31 AM"
76.105.42.8,Web,"Dec 21, 2020, 4:57:54 PM"
2601:204:e080:2437:3c17:ffac:7958:757e,Mobile,"Dec 21, 2020, 4:59:55 PM"
216.9.110.4,Web,"Jan 3, 2021, 2:46:02 PM"
70.70.139.167,Web,"Feb 21, 2021, 1:06:19 AM"
206.87.192.139,Web,"Feb 23, 2021, 5:48:09 PM"
50.98.88.44,Web,"Mar 14, 2021, 8:40:51 PM"
208.110.100.224,Web,"Mar 19, 2021, 12:37:17 AM"
207.102.85.146,Web,"Mar 26, 2021, 5:32:56 PM"
50.98.88.44,Web,"Apr 3, 2021, 12:11:08 AM"
76.105.42.8,Web,"Jun 15, 2021, 9:22:19 PM"
68.8.184.184,Web,"Jul 7, 2021, 4:08:34 PM"
73.19.55.69,Web,"Jul 10, 2021, 4:56:55 PM"
206.12.166.154,Web,"Aug 30, 2021, 11:57:17 PM"
206.87.195.110,Web,"Sep 9, 2021, 3:03:54 PM"
206.87.195.12,Web,"Sep 13, 2021, 5:57:09 PM"
23.16.139.65,Web,"Oct 5, 2021, 2:45:05 AM"
206.87.195.203,Web,"Oct 7, 2021, 8:06:47 PM"
23.16.139.65,Web,"Oct 18, 2021, 4:52:57 AM"
23.16.139.65,Web,"Oct 19, 2021, 4:32:38 PM"
23.16.139.65,Web,"Oct 25, 2021, 4:35:35 AM"
23.16.139.65,Web,"Nov 9, 2021, 3:31:51 AM"
23.16.139.65,Web,"Jan 5, 2022, 2:41:47 AM"
23.16.139.65,Web,"Jan 5, 2022, 9:33:50 PM"
