Photo Filename,Photo Caption
photos/A1FA024D-3FF2-4B58-8FC3-44DEA2E726B6.jpg,""
photos/BFB6FB72-B21F-42D4-836D-28DC9E6D1A37.jpg,""
photos/C537C7E9-BB7F-49AD-83BF-681B967A2A2D.jpg,""
photos/BD8225F2-9F74-44D0-BDAE-B5CE0D1D815B.jpg,""
photos/39638E0D-8B3B-4BEE-86D6-57BA44C78EE9.jpg,""
photos/4F924D56-E4AA-408F-B322-0DE51B353737.jpg,""
photos/8D0B984D-DCA6-4930-8943-DDB96AD2D5F1.jpg,""
photos/9B7AB189-8DE8-427F-96E7-AE4415660DD4.jpg,""
photos/145EB5DD-B3F8-427F-9A66-DDAB14A60F6F.jpg,""
photos/EEDDCA77-F41A-44C8-ACAB-8DBC4E3F58A1.jpg,""
photos/782F5B8E-7B9A-4B28-A978-ED727A93D3B8.jpg,""
photos/E35E99BD-C0C6-449D-982E-81531243876C.jpg,""
photos/379E6EB3-29CC-42C0-9AF9-B421D1AEDDAD.jpg,""
photos/A80B7E3E-1FB8-49B9-B87B-065B632DFE19.jpg,""
photos/FF234BB7-A53E-4ED6-B1C7-E2F2413B6D51.jpg,""
photos/7956E685-15EA-46B8-A32F-F3B485FA5EB8.jpg,""
photos/13BAEFB4-4D97-4E8A-ADC7-03B282C60DDC.jpg,""
photos/15ED1A45-FBF1-4765-B1F3-AAC6DB22FAFB.jpg,""
photos/832DCDA9-EB22-4D37-AD4B-4E1EF18D12AC.jpg,""
photos/5E5B6CF7-EFA4-40D0-9352-3CB92211E11C.jpg,""
photos/D353D4D4-8CB1-4A6F-A832-FF1DE2B950DA.jpg,""
photos/740E4F2D-BA26-430A-9596-DEF5E4212002.jpg,""
photos/10103734-F399-483A-BFE4-395DB3A44B28.jpg,""
photos/E17B91A4-570C-4DCA-BA29-90267EEE87E9.jpg,""
photos/35C8FB86-61DB-4F03-8D00-714294D65AA2.jpg,""
photos/D68283A9-6837-4E30-A177-DDCDAF224571.jpg,""
photos/E43AD99C-362D-4C4A-952C-26B46787C2C0.jpg,""
photos/609CDB47-5023-4742-862C-D01C86DA5BD2.jpg,""
photos/E7B3A131-6FE8-4F58-9FCC-8354E2F33574.jpg,""
photos/7DE70C3F-BA71-4C8F-B9A5-60782DD1616F.jpg,""
photos/C6BE2D52-7106-4560-876F-0DD4F6EA2142.jpg,""
photos/60B0C027-B375-4D20-9C1D-B5D8D6E1FC24.jpg,""
photos/C678EB57-B9B6-4B52-8048-7B0D42833AE6.jpg,""
photos/25F52537-B9EB-46BF-BB31-0987C77A1092.jpg,""
photos/407C151C-B7A5-43D8-8A45-FF004D4DEF50.jpg,""
photos/CFF7C311-EE48-4BF4-BA76-CB92D1C830E0.jpg,""
photos/456CBF16-1EEC-49AE-9D51-06E9707CBE6E.jpg,""
photos/255D2CA9-BDDF-49E9-B8AB-FEA0A3F29535.jpg,""
photos/44AF2696-47FF-4894-AA04-C009A5B06B2C.jpg,""
photos/A20B283C-C567-48CD-9EBF-55177369BB6B.jpg,""
photos/4EE4DD62-316E-4058-90A0-7E6278FC8D35.jpg,""
photos/644900F0-E6D7-4946-8A2A-68A7F67A5539.jpg,""
photos/AEEADA2C-0475-4598-84D8-66C86968593A.jpg,""
photos/37099936-96BF-4B79-B41C-230EE1BF12D6.jpg,""
photos/BDD31651-D0DA-4659-BB9D-09B95E40AAA8.jpg,""
photos/57DF62E7-4BBF-4B89-9B05-CF95B8656151.jpg,""
photos/2703A8DD-31F4-4570-A8AC-34ED996EBB41.jpg,""
photos/D5A159E6-62E1-40E6-97AC-1BD2B0E553DD.jpg,""
photos/4191171F-9BAE-42BF-926C-95A90F4B76D3.jpg,""
photos/FB93FF13-12C5-4CA0-8F59-00C53ACA46A6.jpg,""
photos/6C20A31A-0E06-4038-BFF6-2ACF9592A186.jpg,""
photos/980C3527-68C5-42D4-836B-F9E3523EFECA.jpg,""
photos/90E2D729-6A3F-41FC-BD55-6AEB8D0A4E8D.jpg,""
photos/A749B8A8-76F2-4381-9948-CF38A72E4263.jpg,""
photos/C320F63C-E4A0-4CCA-8C27-2E16DBE7DB61.jpg,""
photos/4B249688-18EE-4303-910B-F50A2F8E97CD.jpg,""
photos/EC67941F-88E8-45C7-92D5-3E52F19D0BD4.jpg,""
photos/DB46DA15-4442-4AF5-B4B8-634BCF09C4AD.jpg,""
photos/4A541BFE-680D-47CB-9FF4-A1C171556E71.jpg,""
photos/470D4990-9759-46DD-BC40-5419326B8EF0.jpg,""
photos/0E28CD34-81E3-45D4-BE07-6C20C5AA9039.jpg,""
photos/68A76B5C-A4C4-4BBA-BA5E-6671DD75A42A.jpg,""
photos/65802755-80CF-4B3D-8611-01B0A655A120.jpg,""
photos/48D04954-388D-4E72-A8EF-0D96763B487E.jpg,""
photos/F6298114-21A2-4C9A-90E5-4579621EA3FC.jpg,""
photos/AE4820F3-4895-42A1-8D3D-E6F70FE2A025.jpg,""
photos/D3A6DFC1-3B20-4C44-A76B-89835D456920.jpg,""
photos/81329998-EF3A-4D1A-978D-43EA748D1385.jpg,""
photos/F20DFF9A-7C24-40BE-8DB1-16A9D6841514.jpg,""
photos/98FE8C7A-CF9A-4C1F-986F-B247334AF7C4.jpg,""
photos/54382925-34C7-47B9-B380-1B2D98673167.jpg,""
photos/76E5FBA4-D3AC-4868-B75F-DD8671F9A8AF.jpg,""
photos/7FB09A1B-FAEE-4309-84BB-B7905CC48009.jpg,""
photos/97252440-B139-432F-A885-3B6FFE8E499D.jpg,""
photos/D47BECD0-6133-498C-9C30-EBE900290250.jpg,""
photos/A31CE495-096D-4514-A8D1-770DA4BB65AA.jpg,""
photos/E5D63F3D-F6D9-42A0-9536-69396B7D5F36.jpg,""
photos/8799C2A9-EEB8-4BF6-8634-517C34AD7B2A.jpg,""
photos/AFBC5B19-2D46-4054-A4D2-8035BA79D3DC.jpg,""
photos/CE8B6AEF-8707-4123-B4BB-87FF3E99D5AF.jpg,""
photos/01E70531-C488-4F6E-86A3-FB287A8E544B.jpg,""
photos/BE4C3C05-ED0C-4E83-873A-EFD01731AEB7.jpg,""
photos/54852414-7745-4870-926C-F5B16A5267D8.jpg,""
photos/696B74A7-B608-4FD7-B146-FC22F4D009DF.jpg,""
photos/FDD8EC2C-DFEE-4A9A-955D-94B2A179DD07.jpg,""
photos/596249BB-3F41-4954-98B4-B748BA159483.jpg,""
photos/1399FF9E-2E6F-4265-936B-97483ACE179A.jpg,""
photos/F214C384-C19A-491F-B74F-73FE4CD9853C.jpg,""
photos/A5B6058C-B6BC-4959-8789-D9D0CE22F8ED.jpg,""
photos/BA9BAEE7-39EA-4A3C-A09F-3E2F0142C1C1.jpg,""
photos/EDFE39A3-312E-459D-8AF1-A458CC1893E7.jpg,""
photos/0FF517BA-83BA-47FD-B726-501D9F6517E4.jpg,""
photos/15A3DA99-6808-46E6-912B-F063D684F6B5.jpg,""
photos/21D36719-369E-423E-856B-7D9BD4766A9C.jpg,""
photos/4C1D63B5-BF39-4479-BD4F-C5B57FC3BFE2.jpg,""
photos/F04242DE-EF9E-496F-A969-9A34CC818836.jpg,""
photos/2C248A48-4908-49F4-9481-9FD672AE6DF9.jpg,""
photos/78D8AD3B-5EA8-4564-A1FE-839C0B36086D.jpg,""
photos/AA184FF1-7607-4B24-97B3-3913067BBA43.jpg,""
photos/DB593912-38E9-40A8-9DEC-73C6DB505313.jpg,""
photos/71B38F87-8773-4A1F-98B8-D53AAC8F5998.jpg,""
photos/40598E5E-9494-45DA-92A5-FE551288E88F.jpg,""
photos/6E2B8FA3-6CF3-4162-AE33-027B7130D283.jpg,""
photos/B2AF1027-B636-422E-BF3C-9B0B89BAC064.jpg,""
photos/4847B847-7832-416D-A9D5-B7366066B41F.jpg,""
photos/99CC2F57-F0F7-49D3-B5CA-8517A0EF085F.jpg,""
photos/40FCF1D1-4155-4F98-8D0E-6C0F81EED12F.jpg,""
photos/5818D362-EA58-44E6-A33C-951E5A71A656.jpg,""
photos/C8EEECCE-0BEA-4724-9C75-586DA5F0D5E7.jpg,""
photos/61453212-3669-432D-A851-63ED1F46F999.jpg,""
photos/C2FAFEB1-659F-4EA1-8F36-7AD998957BC6.jpg,""
photos/A0B6BAE0-014F-4D3D-A816-57749D121C85.jpg,""
photos/1C80B8CF-D147-41FA-9CC9-CB9822A4E0A9.jpg,""
photos/03925EEA-9C74-4873-9D71-D6528FCE0CF4.jpg,""
photos/F1C66DB7-4750-49E2-9C05-33F675FBD337.jpg,""
photos/E224AC3F-0202-4B74-B74C-36FD2F1D528B.jpg,""
photos/0345C6C8-418C-4570-8033-AD00E5935FF3.jpg,""
photos/E00EC392-D05D-48EA-82CF-9B78CAEFD09F.jpg,""
photos/C5BD61A3-3174-4767-9E44-4A83F6D4E13C.jpg,""
photos/2BAE814C-D3E4-43EE-85BC-F59E86BEADF1.jpg,""
