{
  "Athlete Info": {
    "Athlete ID": 45952748,
    "First Name": "Adam",
    "Last Name": "Fong",
    "Profile Picture": "https://www.strava.com/athletes/45952748/avatar",
    "Gender": "M",
    "Measurement Preference": "meters",
    "Temperature Preference": "celsius",
    "Primary Activity Type": "Run"
  },
  "Scenes": {
    "First Activity": null,
    "Days Active": {
      "Days Active": [
        1,
        18,
        19,
        21,
        23,
        25,
        27,
        31,
        33,
        34,
        37,
        39,
        40,
        41,
        42,
        43,
        47,
        48,
        53,
        54,
        56,
        57,
        58,
        60,
        62,
        63,
        79,
        85,
        87,
        90,
        91,
        92,
        95,
        96,
        98,
        100,
        101,
        102,
        103,
        104,
        106,
        107,
        108,
        109,
        110,
        111,
        112,
        113,
        114,
        115,
        116,
        118,
        120,
        121,
        122,
        123,
        124,
        125,
        126,
        127,
        129,
        130,
        132,
        137,
        142,
        143,
        149,
        150,
        152,
        154,
        156,
        158,
        160,
        161,
        162,
        163,
        165,
        166,
        171,
        172,
        173,
        175,
        177,
        178,
        181,
        182,
        186,
        189,
        192,
        195,
        196,
        197,
        199,
        200,
        201,
        202,
        203,
        204,
        205,
        206,
        207,
        208,
        209,
        211,
        212,
        213,
        215,
        216,
        217,
        218,
        219,
        220,
        221,
        222,
        223,
        224,
        225,
        226,
        229,
        231,
        232,
        233,
        234,
        235,
        236,
        237,
        239,
        240,
        241,
        243,
        244,
        246,
        247,
        248,
        250,
        251,
        253,
        254,
        256,
        258,
        261,
        263,
        264,
        265,
        266,
        267,
        269,
        270,
        271,
        273,
        274,
        276,
        278,
        279,
        280,
        283,
        285,
        286,
        287,
        288,
        290,
        292,
        293,
        294,
        295,
        296,
        297,
        299,
        301,
        302,
        303,
        306,
        307,
        308,
        309,
        311,
        312,
        313,
        315,
        316,
        317,
        320,
        321,
        322,
        323,
        325,
        326,
        328,
        329,
        332,
        333,
        334,
        335,
        336,
        337,
        338,
        341,
        342,
        343,
        344,
        345,
        346,
        349,
        351,
        352,
        354,
        357,
        362,
        364
      ],
      "Months": [
        8,
        15,
        7,
        23,
        15,
        17,
        20,
        25,
        20,
        21,
        21,
        17
      ],
      "Days Active Last Year": 82
    },
    "Streaks": null,
    "Top Sports": {
      "Activity Types": [
        {
          "Activity Type": "Ride",
          "Percent": 0.5347985347985348
        },
        {
          "Activity Type": "Run",
          "Percent": 0.27472527472527475
        },
        {
          "Activity Type": "Workout",
          "Percent": 0.06593406593406594
        },
        {
          "Activity Type": "Surfing",
          "Percent": 0.040293040293040296
        }
      ],
      "Top Activity Type Last Year": "Run"
    },
    "Fastest Activity - Speed": null,
    "Fastest Activity - Pace": null,
    "Achievements": {
      "XOMs": 0,
      "Local Legends": 4,
      "PRs": 1012,
      "Top Segment": {
        "Segment Name": "Seaside Bike Route (Spanish Trail - Stairs)",
        "Activity Type": "Run",
        "Efforts": 34,
        "Distance": 357.5,
        "Elevation Gain": 0
      }
    },
    "Total Time": {
      "Months": [
        37945,
        69638,
        34359,
        107530,
        109610,
        64319,
        342732,
        447416,
        162989,
        115684,
        70448,
        57407
      ],
      "Total Time Last Year": 376141
    },
    "Temperature": null,
    "Distance": {
      "Months": [
        139027.6982421875,
        278721.19921875,
        182827.59887695312,
        445094.1989746094,
        378257.0994873047,
        162447.8017578125,
        1512766.1186523438,
        1824706.7026367188,
        608429.5030517578,
        317166.9246826172,
        242927.9705810547,
        197001.71258544922
      ],
      "Distance Last Year": 1588094.5943603516
    },
    "Longest Activity": null,
    "Kudos": {
      "Kudos Given": 974,
      "Kudos Received": 1616,
      "Kudos": 15,
      "Activity": {
        "Activity Id": 6129599981,
        "Activity Name": "Evening Run",
        "Activity Type": "Run",
        "Date": "2021-10-17T18:07:10",
        "Distance": 18694.1,
        "Elevation Gain": 217.473,
        "Elapsed Time": 6184,
        "Moving Time": 6024,
        "Has Latitude/Longitude": true,
        "Indoor": false,
        "Has Denormalized Latitude/Longitude": true,
        "Map URL": "https://d3o5xota0a1fcr.cloudfront.net/v6/maps/KUF52XBFLFDL4XJ4B7E37JVIQOAWNC6D4EF2LKDD3KXC2DY7EAPOFG6PWZ4J7BIKJNTF6VVFIKTPHJNRP4======",
        "Photo URL": null
      }
    },
    "Elevation Gain": {
      "Months": [
        2612.6000213623047,
        5188.036750793457,
        2221.4406967163086,
        5256.685235500336,
        7967.125595092773,
        4561.637494087219,
        18392.504180908203,
        20835.683685302734,
        8886.550010681152,
        6725.811874389648,
        3988.4689104557037,
        2454.349757671356
      ],
      "Elevation Last Year": 25132.956840515137
    },
    "Hilliest Activity": null,
    "Photos": {
      "Activities": [
        {
          "Activity Id": 5514050656,
          "Activity Name": "Afternoon Ride",
          "Photo URL": "https://dgtzuqphqg23d.cloudfront.net/JTD4BuZFFApPfJBHxsYcd3iNZIYsenFQF6CJBN2GRdo-512x384.jpg"
        },
        {
          "Activity Id": 5270389872,
          "Activity Name": "Morning Ride",
          "Photo URL": "https://dgtzuqphqg23d.cloudfront.net/2hoO1sgX_Co_JRhvbAJqIgcCMhBjYsANnF57gZsQ-Wc-512x384.jpg"
        },
        {
          "Activity Id": 6189332646,
          "Activity Name": "First half of Baden Powell ",
          "Photo URL": "https://dgtzuqphqg23d.cloudfront.net/9JlByofBfi-48rXCafwk9dipkQiEeL4uiLNAOhFEcAk-384x512.jpg"
        }
      ]
    },
    "Totals": {
      "Days Active": 209,
      "Total Time": 1620077,
      "Total Distance": 6289374.528747559,
      "Total Elevation": 89090.8942129612,
      "Top Sport": "Ride"
    }
  }
}